Player ID,Username,First Name,Last Name,Last Recorded Team,Past Teams,Date of Birth,Country of Birth,Twitter Username,Instagram Username,Reddit Username,Twitch Channel,YouTube Channel,Past Usernames,Twitter Followers,Instagram Followers,Twitch Followers,YouTube Subscribers
1,Kenny,Kenneth,Williams,Los Angeles Thieves,Team Kaliber;100 Thieves;OpTic Gaming Los Angeles,9/2/1999,United States,Kuavo,kuavokenny,,kuavoken,,Kuavo,106371,,,
2,TJHaLy,Thomas,Haly,Los Angeles Thieves,Rise Nation;OpTic Gaming;OpTic Gaming Los Angeles,7/19/1999,United States,TJHaLy,tjhaly32,,TJHaly,,,155161,,,
3,SlasheR,Austin,Liddicoat,Los Angeles Thieves,Team Envy;Rise Nation;100 Thieves;OpTic Gaming Los Angeles,9/2/1994,United States,SlasheR_AL,slasheral,SlasheRAL,slasheral,,,154329,,,
4,Temp,Donovan,Laroda,Paris Legion,Team Envy;Echo Fox;Splyce;New York Subliners;Los Angeles Thieves,7/10/1999,United States,Temp,donnytemp,,temp,,,56655,,,
5,Accuracy,Lamar,Abedi,Minnesota RØKKR,Team Kaliber;Splyce;Evil Geniuses;New York Subliners,8/2/1996,United States,AccuracyLA,accuracyla,,Accuracy,,,71733,,,
6,Attach,Dillon,Price,Minnesota RØKKR,FaZe Clan;Evil Geniuses;New York Subliners,1/4/1997,United States,Attach,attach,AttachCoD,attach,https://www.youtube.com/user/DillonAttach,,411262,,,
7,MajorManiak,Michael,Szymaniak,Minnesota RØKKR,Elevate;Str8 Rippin;Team Space;Gen.G;Atlanta FaZe,3/31/1998,United States,majormaniak,majormaniak,MajorManiak,MajorManiak,https://www.youtube.com/user/MajorManiakHD,,55850,,,
8,Priestahh,Preston,Greiner,Minnesota RØKKR,FaZe Clan;100 Thieves;Atlanta FaZe,6/27/1998,United States,Priestahh,priestahh,,Priestahh,https://www.youtube.com/channel/UCM2y3oBIgNyXnPEX6CqP0eg/featured,,101110,,,
9,Shotzzy,Anthony,Cuevas-Castro,Dallas Empire,,7/4/2001,United States,Shotzzy,shotzzy,,shotzzy,https://www.youtube.com/channel/UCmUPc8k5mKDG_496VyOhVBA,,67156,,,
10,C6,Ian,Porter,Dallas Empire,OpTic Gaming,5/29/1993,United States,Crimsix,iancrimsix,,crimsix,https://www.youtube.com/c/Crimsix,Crimsix,855223,,,
11,iLLeY,Indervir,Dhaliwal,Dallas Empire,,10/20/2001,Canada,iLLeYYY,illeyinder,,iLLeYY,https://www.youtube.com/channel/UCjHLrlF2basj-yAmuLN6VDw,,78647,,,
12,Huke,Cuyler,Garland,Los Angeles Thieves,Team Envy;Splyce;Dallas Empire,10/21/1999,Saudi Arabia,Huke,hukecg,,Huke,https://www.youtube.com/channel/UCPit4t3Z5a3tfi9kT4zsMsw,,110801,,,
13,Octane,Sam,Larew,Seattle Surge,Luminosity Gaming;OpTic Gaming;100 Thieves,6/23/1997,United States,OctaneSam,octanesam,OctaneSam,Octane,https://www.youtube.com/OctaneSam,,186823,,,
14,Prestinni,Preston,Sanderson,Seattle Surge,eUnited;Florida Mutineers;Chicago Huntsmen,7/9/1998,United States,Prestinni,prestinnijs,Prestinni,prestinni,https://www.youtube.com/channel/UCZ4P5bFU3er4RDnpDQTUyzg,,100856,,,
15,Loony,Daniel,Loza,Seattle Surge,Rise Nation;Splyce;Toronto Ultra,5/31/1993,United States,Loony,dannyloony,,loony,,,121213,,,
16,Gunless,Peirce,Hillman,Seattle Surge,Echo Fox;Rise Nation;Luminosity Gaming;Team Envy;Chicago Huntsmen,11/24/1997,Canada,Gunless,gunlessan,,gunless_,https://www.youtube.com/channel/UCETKyJCM1eYO5ZasY-Ox2QQ,,85546,,,
17,Skrapz,Matthew,Marshall,Paris Legion,UNILAD Esports;Red Reserve;FaZe Clan;London Royal Ravens,5/30/1997,England,skrapzg,,,Skrapz,https://www.youtube.com/channel/UCvsWxEAKCvGLkiYHMnwbGow,,87396,,,
18,Classic,Nicholas,DiCostanzo,Seattle Surge,Team Envy;Luminosity Gaming;UYU;Toronto Ultra;Paris Legion,5/21/1994,United States,Classic,,NotTheFakeClassic,classicnpd,,,106255,,,
19,AquA,Ulysses,Silva,Paris Legion,Rise Nation;Echo Fox;Splyce;Los Angeles Guerrillas,9/12/1996,United States,Uaquaa,uaqua,AquA-_-,aqua,https://www.youtube.com/c/AquAtv12,,64132,,,
20,Fire,Luis,Rivera,Paris Legion,,3/20/2002,United States,Fire40,,,FlRE,https://www.youtube.com/Fire9,,18936,,,
21,FORMAL,Matthew,Piper,OpTic Chicago,OpTic Gaming;Luminosity Gaming;Chicago Huntsmen,12/19/1994,United States,FormaL,optic_formal,,formal,https://www.youtube.com/user/FormaLCoD,,917387,,,
22,Dashy,Brandon,Otell,OpTic Chicago,Enigma6 Group;compLexity Gaming;OpTic Gaming;OpTic Gaming Los Angeles,4/19/1999,Canada,DashySZN,,,Dashy,https://www.youtube.com/channel/UC_N8Z_mNIIHcZBBDF8pHhMQ,,213338,,,
23,Envoy,Dylan,Hannon,OpTic Chicago,Midnight Esports;Gen.G;Chicago Huntsmen,1/19/2000,United States,DylanEnvoy,dylanenvoy,,envoy,https://www.youtube.com/c/EnvoyCOD,,161235,,,
24,Scump,Seth,Abner,OpTic Chicago,OpTic Gaming;Chicago Huntsmen,6/30/1995,United States,scump,scumpabner,,Scump,https://www.youtube.com/c/Scumpii,,2227597,,,
25,Arcitys,Alec,Sanderson,Atlanta FaZe,eUnited;Chicago Huntsmen,7/9/1998,United States,Arcitys,arcitys9,,arcitys,https://www.youtube.com/c/Arcitys,,157350,,,
26,Cellium,McArthur,Jovel,Atlanta FaZe,FaZe Clan,12/24/2000,United States,Cellium,cellium,,Cellium,https://www.youtube.com/c/Cellium,,79843,,,
27,Simp,Chris,Lehr,Atlanta FaZe,eUnited,2/6/2001,United States,SimpXO,simpchris_,SimpTheSickJoke,Simp,https://www.youtube.com/c/ImSimp,,135720,,,
28,aBeZy,Tyler,Pharris,Atlanta FaZe,Enigma6 Group;eUnited,11/3/1999,United States,aBeZy,tylerabezy,,aBeZy,https://www.youtube.com/channel/UCszuzD0pAjCRugWyRXVy_0A,,104062,,,
29,Vivid,Reece,Drost,Dallas Empire,Mazer Gaming;Sage eSports;Los Angeles Guerrillas,12/24/1999,United States,VividTheWarrior,reecevivid,,ReeceVivid,,,12042,,,
30,Assault,Adam,Garcia,Los Angeles Guerrillas,Echo Fox;Evil Geniuses;Team Envy;Minnesota RØKKR,7/10/1996,United States,Assault,adamassault,AdamAssault,adamassault_,,,38248,,,
31,Silly,Justin,Fargo-Palmer,Los Angeles Guerrillas,eUnited;Evil Geniuses;Team Envy;Minnesota RØKKR,7/4/1995,United States,silly702,702silly,JF702,silly,https://www.youtube.com/user/yLL1S,,67180,,,
32,Apathy,Bryan,Zhelyazkov,Los Angeles Guerrillas,Evil Geniuses;Team Envy;Seattle Surge,4/5/1994,United States,Apathy_BZ,apathybz,ApathyCoD,apathy,https://www.youtube.com/user/ApathyyCoD,,241032,,,
33,Cammy,Cameron,McKilligan,Toronto Ultra,Nordic;Zone;Fact Revolution;Units,10/10/1999,Scotland,CammyMVP,cammy_mckilligan,,CammyMVP,,,29058,,,
34,Bance,Ben,Bance,Toronto Ultra,Splyce;Red Reserve;Denial Esports;Units;Celtic FC Esports,10/14/1997,England,Bance,benjaminbance,,bance,,,49448,,,
35,Methodz,Anthony,Zinni,Toronto Ultra,Next Threat;Rise Nation;Team Kaliber;OpTic Gaming;FaZe Clan;G2 Esports;UYU,8/15/1997,United States,Methodz,methodz,AnthonyMethodz,methodz,https://www.youtube.com/c/Methodz/videos,,199797,,,
36,CleanX,Tobias,Juul Jønsson,Toronto Ultra,Team Singularity,8/11/2000,Denmark,TCleanX,tcleanx,cleanexx,tcleanx,,,26771,,,
37,Owakening,Joseph,Conley,Florida Mutineers,Vanity,12/18/2000,United States,Owakening,joewake00,,Owakening,,,20709,,,
38,Skyz,Cesar,Bueno,Florida Mutineers,Gone Gaming;UYU;Excelerate Gaming;Elevate;Luminosity Gaming,7/8/1999,United States,CesarSkyz,cesarskyz,CesarSkyz,Skyz,https://www.youtube.com/channel/UCSaJdV6cyWeTPUCma2Ee5xg,,40149,,,
39,Slacked,Josiah,Berry,Florida Mutineers,Luminosity Gaming;Seattle Surge,5/20/1997,United States,Slacked,slackedjb,,slacked,https://www.youtube.com/c/Slacked,,157431,,,
40,Neptune,Travis,McCloud,Florida Mutineers,,4/9/2002,United States,NNeptuunE,,,NNeptuunE,,,19256,,,
41,Asim,Obaid,Asim,New York Subliners,FC Black;FaZe Clan;Minnesota RØKKR,2/10/2000,Canada,GstaAsim,asimobey,,asim6,,,39491,,,
42,Clayster,James,Eubanks,New York Subliners,eUnited;Dallas Empire,5/7/1992,United States,Clayster,clayster,RealClayster,Clayster,https://www.youtube.com/Clayster,,736589,,,
43,Diamondcon,Conor,Johst,New York Subliners,,4/16/2000,Canada,Diamondcon_,diamondcon_,,diamondcon_,https://www.youtube.com/channel/UC-GE1y5A_UKTigkYZsRnNyg,,13162,,,
44,Mack,Makenzie,Kelley,New York Subliners,,11/21/2001,United States,MackMelts,mackmelts,,mackmeltss,,,21998,,,
45,Parasite,Christopher,Duarte,London Royal Ravens,Ground Zero;compLexity Gaming;Ghost Gaming;Pittsburgh Knights;Midnight Esports,7/21/1994,United States,Parasite,parasite818,ParasiteCoD,parasite,https://www.youtube.com/user/ParasiteCD,,320501,,,
46,Dylan,Thomas,Henderson,London Royal Ravens,Brash eSports;Team Sween;Team Reciprocity,3/16/1999,Northern Ireland,,tdylan17,,tdylan17,,,,,,
47,Seany,Sean,O'Connor,London Royal Ravens,UNILAD Esports;Team Reciprocity;Celtic FC Esports,11/4/1998,Scotland,SeanyCod,,Seanybhoy12,seanyycod,https://www.youtube.com/channel/UCeh3ElUc7N1FINel6HE1XpQ,,21642,,,
48,Alexx,Alex,Carpenter,London Royal Ravens,GGEA Purple;UNILAD Esports;Lightning Pandas;Denial Esports;Units;Team Reciprocity;Minnesota RØKKR,5/6/1999,England,Alexx1935,alexxc_1935,,alexx1935,,,18216,,,
49,Zed,Zach,Denyer,London Royal Ravens,Most Wanted;Cyclone;UNILAD Esports;Team Reciprocity;Paris Legion,9/13/1997,England,ZachDenyer,zachdenyer1,Zedenyer,zachdenyer,https://www.youtube.com/c/ZachDenyer,,23786,,,
50,Insight,Jamie,Craven,Toronto Ultra,Team Singularity,10/31/1999,England,InsightGawd,jamie_craven99,,insightgawd,,,27292,,,
51,PaulEhx,Paul,Avila,London Royal Ravens,,1/21/2002,United States,PaulEhx_,paulehx_,,paulehx_,,,15011,,,
52,Standy,Eli,Bentz,Minnesota RØKKR,,6/12/2001,United States,Staaandy,elistaandy,,Standykun,https://www.youtube.com/channel/UCMkAg7zzzSGKIv0bNvQKJwA,,34176,,,
53,Venom,Carlos,Hernandez,Los Angeles Thieves,,8/27/2001,United States,Vxnxm,venxmlol,,Vxnxm,,,15951,,,
54,Drazah,Zack,Jordan,Los Angeles Thieves,OpTic Gaming Los Angeles,5/9/2001,United States,Drazah_,draazah,,drazah_,,,23706,,,
55,Havok,Colt,McLendon,Florida Mutineers,InControl Gaming;Regal Morituri;Gone Gaming;Str8 Rippin;Team Space;Gen.G,2/19/1998,United States,ColtHavok,colt_mclendon,,colthavok,,,51832,,,
56,Zaptius,Alex,Bonilla,Paris Legion,Lethal Gaming;Mazer Gaming;Project 18;UYU;Midnight Esports;London Royal Ravens,3/13/1999,United States,Zaptius,alexzaptius,,zaptius,https://www.youtube.com/channel/UCW4MXyquNI06YXYneJhV0ng,,16213,,,
57,Cheen,Martin,Chino,Los Angeles Guerrillas,Team Kaliber;Team Envy;G2 Esports;Enigma6 Group;Sicario Gaming;OpTic Gaming Los Angeles,7/8/1997,United States,MJCheen,mjcheen,MJChino,MJCheen,https://www.youtube.com/MrMJChino,Chino,72117,,,
58,Hydra,Paco,Rusiewiez,New York Subliners,,2/11/2002,France,HyDrAnml,paco.rs_,,hydranml,,,30403,,,
59,FeLo,Tyler,Johnson,Dallas Empire,Rise Nation;compLexity Gaming;Splyce;eUnited;Evil Geniuses,5/15/1997,United States,FeLo,,,Felo,https://www.youtube.com/user/TylerJ515,Felony,66756,,,
60,Decemate,Jacob,Cato,New York Subliners,Enigma6 Group;DooM;eRa Eternity;Reckless;Team Envy;G2 Esports;Los Angeles Guerrillas;Seattle Surge,11/24/1997,United States,Decemate,,,Decemate,,,27393,,,
61,Afro,Marcus,Reid,London Royal Ravens,,7/19/2001,England,AstrosInMyAfro,astrosinmyafro,,astrosinmyafro,,,7197,,,
62,MentaL,Billy,Putnam,Los Angeles Guerrillas,,7/20/1998,United States,MentaL,mental_21,,mental,https://www.youtube.com/channel/UCX8D0_5C9hBMa1tXoY8IBkQ,,29415,,,
63,John,Johnathan,Perez,Los Angeles Thieves,Luminosity Gaming,3/28/1996,United States,John287,j0hn_lg,,John,,,117176,,,
64,Karma,Damon,Barlow,Seattle Surge,OpTic Gaming,7/17/1994,Canada,Dkarma,damonkarma,coLKarma,karma,https://www.youtube.com/user/karmaisbos,,662870,,,
65,Enable,Ian,Wyatt,Seattle Surge,Evil Geniuses;Lightning Pandas;Team Kaliber;100 Thieves,1/20/1994,United States,Enable,ianenable,,enable,https://www.youtube.com/c/EnableIan,,277567,,,
66,Maux,Chance,Moncivaez,Florida Mutineers,Ghost Gaming;Elevate;Str8 Rippin;Team Space;Gen.G,4/19/1998,United States,Maux,maux419,cmaux,maux,,,29661,,,
67,Frosty,Bradley,Bergstrom,Florida Mutineers,Enigma6 Group;Midnight Esports,10/12/1997,United States,FrostyBB,frostybb_,,Frosty,https://www.youtube.com/channel/UCcThl7TbOB6VwsOkhuwP0aA,,45365,,,
68,ACHES,Patrick,Price,Los Angeles Guerrillas,Evil Geniuses;Team Envy,7/18/1994,United States,ACHES,achespat,PATTYCACHES,aches,https://www.youtube.com/aches,,294775,,,
69,Lacefield,Andres,Lacefield,Los Angeles Guerrillas,Ghost Gaming;Pittsburgh Knights;G2 Esports;Midnight Esports;Elevate,12/17/1996,United States,Lacefield,lacefield,,lacefield,,,31685,,,
70,Saints,Renato,Forza,Los Angeles Guerrillas,Echo Fox;Evil Geniuses;Pittsburgh Knights;Midnight Esports;UYU,2/24/1995,United States,SaintsNato,saintsnato,,SaintsRF,https://www.youtube.com/user/SaintsRF95,,198455,,,
71,GodRx,Adam,Brown,Minnesota RØKKR,SiNister;Enigma6 Group;Ghost Gaming;Pittsburgh Knights,6/17/1998,United States,GODRX,adamgodrx,,AdamGodRx,,,23938,,,
72,Wuskin,Bradley,Marshall,London Royal Ravens,UNILAD Esports;Team Reciprocity,5/30/1997,England,wuskinz,wuskinz,,wuskindash,,,63654,,,
73,Rated,Rhys,Price,London Royal Ravens,Red Reserve;Denial Esports;Units,11/8/1995,Wales,Rated_COD,,,rated,https://www.youtube.com/channel/UCGfR4qMoiK0yjUtvQHcX2Pw,,58969,,,
74,Jurd,Jordan,Crowley,London Royal Ravens,Splyce,1/11/1995,Republic of Ireland,jurd,,,Jurd,,,59642,,,
75,Zer0,Trei,Morris,London Royal Ravens,Red Reserve;FaZe Clan;New York Subliners,8/2/1997,England,Trei,treizer0,TreiZer0,treizer0,,,43350,,,
76,ZooMaa,Thomas,Paparatto,New York Subliners,FaZe Clan;OpTic Gaming,8/9/1995,United States,ZooMaa,tommyzoomaa,therealzoomaa,Zoomaa,https://www.youtube.com/ZooMaa,,390328,,,
77,MeTTalZ,Adrian,Serrano,Toronto Ultra,Team Heretics,9/19/2000,Spain,MeTTalZz,,,mettalz,https://www.youtube.com/channel/UC4pl97oKnAGpkkKobTUJy2w,,15663,,,
78,JKap,Jordan,Kaplan,OpTic Gaming Los Angeles,Luminosity Gaming;eUnited;Evil Geniuses,4/15/1994,United States,JKap415,jkap415,NotTheFakeJKap,jkap,https://www.youtube.com/user/JKapYT,,329971,,,
79,Denz,Denholm,Taylor,Paris Legion,Mindfreak;Team Reciprocity,1/20/1995,Australia,DenzJT,denzjt,Denz26,denzjt,https://www.youtube.com/user/DenzLK,,14798,,,
80,Shockz,Conrad,Rymarek,Paris Legion,Mindfreak,1/5/1996,Australia,ShockzCR,shockzcr,,shockz,https://www.youtube.com/user/shockzisCOD,,11994,,,
81,Louqa,Luke,Rigas,Paris Legion,Mindfreak,8/30/2000,Australia,MF_Louqa,louqa_,,louqa,,,6624,,,
82,KiSMET,Matthew,Tinsley,Paris Legion,Conquest Esports;GAS Gaming;Enigma6 Group,11/11/1999,United States,KiSMET6_,mattkismet99,,kismet6_,,,14728,,,
83,Fero,Maurice,Henriquez,Florida Mutineers,Ground Zero;DooM;eRa Eternity;Reckless;Team Kaliber;100 Thieves;Team Envy,3/27/1999,United States,f3rocitys,,,f3rocitys,,,41905,,,
84,Pandur,Casey,Romano,Seattle Surge,SiNister;Enigma6 Group;Ghost Gaming;Pittsburgh Knights;Hybrid Gaming,1/9/1998,United States,CaseyPandur,caseypandur,,caseypandur,,,11923,,,
85,Happy,Nick,Suda,New York Subliners,,3/5/1997,United States,OpSuda,,,happyhrs,https://www.youtube.com/user/HappyHours101,,20303,,,
86,Blazt,Rasim,Ogresevic,Los Angeles Guerrillas,Ground Zero;Enigma6 Group;eRa Eternity;Reckless;compLexity Gaming;G2 Esports;Midnight Esports;UYU,8/12/1999,United States,Blazt,,,Blazt,https://www.youtube.com/c/BLAZT,,64173,,,
87,Spart,Kris,Cervantez,Los Angeles Guerrillas,,5/24/2001,United States,itsSpart,,,notspart,,,7570,,,
88,Proto,Nicholas,Maldonado,Seattle Surge,Lightning Pandas;Elevate;UYU;Sicario Gaming,9/26/1998,United States,Proto626,,,oproto,,,10764,,,
89,Exceed,Kaden,Stockdale,Minnesota RØKKR,Sicario Gaming,6/11/2001,United States,ExceedLbX,kadenstockdale,,exceedlbx_,,,5056,,,
90,Hollow,Darien,Chverchko,OpTic Gaming Los Angeles,Vast eSports;EZG Blue;Team WaR;Sage eSports,5/23/1998,United States,hollow412,,,hcllcw,,NauX;Dareza,5573,,,
91,BuZZO,Mitchell,Mader,Mindfreak,,11/25/1994,Austria,MF_BuZZO,,BuZZZO,,https://www.youtube.com/user/BuzzinYT,,8461,,,
92,Fighta,Lincoln,Ferguson,Mindfreak,,1/5/1997,Australia,Fighta71,,,fighta71,https://www.youtube.com/channel/UCBodC4So9LJZpYFbskVjwHQ,,7205,,,
93,Excite,Cody,Rugolo,Mindfreak,Taboo,,Australia,MF_Excitee,,,excite2g,https://www.youtube.com/user/ExciteYT,,3558,,,
94,SpaceLy,Michael,Schmale,Mazer Gaming,Ghost Gaming;Elevate;Str8 Rippin;Team Space;Gen.G,2/18/1997,United States,SpaceLy,spacelymike,,SpaceLy,https://www.youtube.com/user/SpaceLyYT,,164958,,,
95,Nagafen,Jared,Harrell,Gen.G,Next Threat;compLexity Gaming;Echo Fox;Elevate;GAS Gaming;Str8 Rippin;Team Space,6/13/1994,United States,Nagafen,nagafen,Nagafan,nagafen,,,72157,,,
96,Hawqeh,Billy,Harris,Fuego Gaming,Epsilon Esports;The Imperial,8/20/1997,Scotland,Hawqeh_,hawqeh,,Hawqeh_,https://www.youtube.com/user/Hawqeh,,6590,,,
97,Denza,Bjarne,Sleebus,The Imperial,Brash eSports;Team Vitality,7/2/1998,Belgium,BSDenza,,,denza,https://www.youtube.com/channel/UC7F79huGqg0c4ntixoWrjQQ,,5220,,,
98,Moose,Tom,Handley,The Imperial,UNILAD Esports;Team Vitality;Team Sween,2/23/1995,England,Mooseman95,,,Moose_95,,,22425,,,
99,Reedy,Jordan,Reed,The Imperial,Epsilon Esports,9/27/1995,England,Reedy_1905,reedy1905,Reedy1905,reedy,,,15678,,,
100,Vortex,Stephen,Allan,Team WaR,Epsilon Esports;The Imperial,8/11/1997,England,SteVortex,stevortex,,vortexsa,,,11369,,,
101,Vortex,Brandon,Gomes,,,1/5/1998,France,Sy_Vortex,bvortex_,,sy_vortex,,,13219,,,
102,Nova,Dakota,Williams Blatchford,UYU,Team Allegiance;GGEA Orange;Morituri eSports,11/2/1996,United States,NovaALG,,,iiNova19,,,1704,,,
103,Mayhem,Mehran,Anjomshoa,Enigma6 Group,Team Allegiance;GGEA Orange;Morituri eSports;UYU,11/28/1997,Canada,Mayhem6,,,ovomayhem,,,8207,,,
104,Spoof,Tristan,Green,Hybrid Gaming,Team Allegiance;GGEA Orange;Morituri eSports;UYU,3/21/1996,United States,TristanSpoof,tristanspoof,,TristanSpoof,https://www.youtube.com/user/SpoofYT,,6775,,,
105,Theory,Dylan,McGee,Pittsburgh Knights,Team Kaliber;Lightning Pandas,,United States,DMTheory,,,DMTheoryy,,,67167,,,
106,Niall,Niall,Sunderland,Team Divine,The Imperial,7/13/1997,England,ActuallyisNiall,,,actuallyisniall,,,4380,,,
107,Creza,Josh,Burman,TrainHard Esport,Team Divine,8/6/1997,England,Crez_a,,,Creza,https://www.youtube.com/channel/UCvhyylE5NycICz99w34cCvA,,370,,,
108,Deleo,Deleo,Devitt,Team Divine,The Imperial,,England,YKTDeleo,yktdeleo,,yktdeleo,,Zerg,13348,,,
109,Nevo,Robbe,D'hondt,Team Divine,Nordic;Brash eSports,5/27/1998,Belgium,RobbeNevo,robbenevo,,robbenevo,,,1965,,,
110,Bidz,Luke,Biddle,Team Singularity,Nordic;Zone;Team Divine,9/29/1999,England,LukeBidz,lukebidz9,,bidz,https://www.youtube.com/channel/UCgNmpKBVreelaEZtWFMqqWA?view_as=subscriber,,8160,,,
111,Damage,Hayden,Handakas,Tainted Minds,,,Australia,DamageANZ,,,,,,4465,,,
112,Nimble,Giancarlo,Vagnini,Tainted Minds,,,Australia,Nimble_COD,,,nimblexo,,,4510,,,
113,Swifty,Daniel,Hickey,Mindfreak,Tainted Minds,3/9/1999,Australia,DSwiftyy,,,dswiftyy,,,3819,,,
114,Swiftazor,Kainen,Kini,Tainted Minds,,,New Zealand,,,,swiftazor,,,,,,
115,Setzyy,Jayden,Hewitt,Tainted Minds,Taboo,,Australia,Setzyy,jayden_hewitt,,setzyy,,,3701,,,
116,Benji,Koen,Haakman,Gone Gaming,Brash eSports,8/30/1998,Netherlands,KoenBenji,,KoenBenji,,,,1528,,,
117,DREAL,Ehsan,Javed,Gone Gaming,Brash eSports,10/13/1995,England,DREAL_JE,,DREEALL,,https://www.youtube.com/user/dReeaLL,,3939,,,
118,endurAAA,Bradley,Hughes,Team Divine,Nordic;Zone;Gone Gaming,,Wales,endurAAABH,,,enduraaabh,https://www.youtube.com/user/SuperBradHughes,,3884,,,
119,Malls,Eddy,Maillard,Gone Gaming,Team Vitality;Les Blues;Team Prismatic,1/2/1997,France,Malls_,,,,,,8868,,,
120,Zayrox,Arthur,Chabas,Gone Gaming,Team Vitality;Les Blues;Team Prismatic,,France,zayrox28,,,,,,19425,,,
121,Tommey,Thomas,Trewren,Sicario Gaming,Splyce;Team Vitality;Team Reciprocity,9/7/1992,England,Tommey,tommeyjt,TOMMEYJT,Tommey,https://www.youtube.com/decertotommey,,198881,,,
122,Joee,Joseph,Pinnington,Units,Red Reserve;Denial Esports,3/1/1995,England,Joee_COD,,SCFCJoe,,,,21253,,,
123,Royalty,Matthew,Faithfull,Midnight Esports,Lightning Pandas;Evil Geniuses;UYU,8/31/1997,Canada,SaugaRoyalty,mattfaithfull,,SaugaRoyalty,https://www.youtube.com/user/MrRRoyalty,,28434,,,
124,Goonjar,Jevon,Gooljar-Lim,Evil Geniuses,Lightning Pandas;Echo Fox,11/8/1995,Canada,Goonjar,goonjar,,Goonjar,,,181505,,,
125,Xotic,John,Bruno,Evil Geniuses,Lightning Pandas,5/16/1998,Canada,Xotic16,johnxotic,,xotic16,,,17355,,,
126,Crowder,James,Crowder,FaZe Clan,,8/23/1994,United States,JamesCrowder,jamescrowder94,,crowder,https://www.youtube.com/channel/UCP-Zex3ag5DYOWoJr6_l96g,Replays,242151,,,
127,Joshh,Joshua-Lee,Sheppard,Team WaR,Red Reserve;Splyce;Lightning Pandas,1/7/1996,England,BsportJoshh,bsportjoshh,,bsportjoshh,,,30717,,,
128,MadCat,Dylan,Daly,Fuego Gaming,Splyce;Lightning Pandas,12/15/1995,England,MadCat,,,madcatdd,,,42705,,,
129,Peatie,Adam,Peate,Team WaR,Millenium;Most Wanted;Cyclone;Team Sween;Lightning Pandas,4/8/1995,England,Peatie,,,peatie,,,17435,,,
130,Dqvee,David,Davies,Team WaR,Epsilon Esports;Lightning Pandas,1/6/1998,Wales,Dqvee,dqvee,,dqvee,,,15456,,,
131,Faccento,Brice,Faccento,Evil Geniuses,Echo Fox;G2 Esports,10/8/1996,United States,BriceFaccento,bfaccento,,faccento,,,56765,,,
132,Ricky,Richard,Stacy,Luminosity Gaming,Next Threat;DooM;eRa Eternity;Reckless;compLexity Gaming;G2 Esports;Pittsburgh Knights,4/15/1995,United States,Ricky,rickystacy,,Ricky,https://www.youtube.com/user/Ricky,,227822,,,
133,Nolson,Nick,Nolson,Units,The Imperial;Team Sween;Splyce,5/4/1997,England,NolsonCoD,,,nolsonn,,,6194,,,
134,Braaain,Brian,Fairlamb,Team Sween,Most Wanted;Cyclone;Vodafone Giants,9/6/1994,England,BraaainGOAT,,,BraaaainGOAT,,,6134,,,
135,QwiKeR,Shea,Sweeney,Celtic FC Esports,Most Wanted;Cyclone;Team Sween,11/1/1993,Scotland,QwiKeR,,,qwikerthanu,https://www.youtube.com/user/QwiKeRTHaNu,,12776,,,
136,Weeman,Connor,Chilton,Units,Team Sween,2/11/1998,England,Weeman_CC,,,weemanfps,,,3158,,,
137,MethodZSick,Jorge,Bancells,Team Heretics,,9/20/1994,Spain,MethodZSicK,methodzsick,,methodzsick,https://www.youtube.com/methodzsick,,91347,,,
138,Sukry,Endika,Andres,Team Heretics,,12/31/1999,Spain,Sukry5,endika_andres,,sukry5,,,17207,,,
139,JurNii,Juan,Antonio González Muñoz,Team Heretics,,2/7/2000,Spain,JurNiii,juanaan_7,,JurNii,,,50148,,,
140,Lucky,Alejandro,López,Team Heretics,,9/4/1999,Spain,Luckyy7_,luckyx17,,lucky,https://www.youtube.com/user/zLukyy,,47343,,,
141,Super,Tanner,Bowen,Aspire eSports,Lethal Gaming;Mazer Gaming;Project 18,,United States,SuperTB6,,,supertdb,,,1714,,,
142,Apox,Michael,Williams,Project 18,EZG eSports;Mazer Gaming,,United States,MikeApox,mikeapox,,mikeapox,,,5059,,,
143,Ramby,Vlad,Sanchez,Fury Gaming,Lethal Gaming;Mazer Gaming;Project 18,,United States,RambyBamby,,,ramby,,,12810,,,
144,TeddyRecKs,Ted,Kim,Fury Gaming,Lethal Gaming;Mazer Gaming;Project 18,5/27/1996,United States,TeddyRecKs,teddyrecks,,Teddy_RecKs,https://www.youtube.com/user/Teddyniceman245,,34493,,,
145,Believe,Austin,Smith,Elevate,Team Allegiance;GGEA Orange;Team WaR;Excelerate Gaming,9/16/1996,United States,obKBelieve,,,,,,1462,,,
146,FA5TBALLA,Ethan,Wedgeworth,Aspire eSports,GGEA Blue;Morituri eSports;HavoK eSports;Excelerate Gaming,8/17/1995,United States,FA5TBALLA,,,FA5TBALLA,,,8607,,,
147,MRuiz,Mike,Ruiz,Elevate,HavoK eSports;Excelerate Gaming,,United States,MRuiz989,,,MRuiz_,,,7589,,,
148,ProFeeZy,Christopher,Astudillo,Elevate,In2ition;Excelerate Gaming,,United States,ProFeeZy,ProFeeZyCOD,ProFeeZy,ProFeeZy,https://www.youtube.com/channel/UCR09by7zNhSH1kcAwF5sNGQ?app=desktop,,7554,,,
149,Beehzy,Michael,Said,Hybrid Gaming,Morituri eSports;HavoK eSports;Excelerate Gaming,8/19/1997,Canada,beehzy17,,Beehzy,Beehzy,https://www.youtube.com/channel/UCI8n5hPIKzX6f71_crHYIVA,,4990,,,
150,Phantomz,Timothy,Landis,UYU,Conquest Esports;Morituri eSports;Team Prismatic;FC Black;Evil Geniuses,3/7/1999,United States,Phantomz,,,phantomztl,,,6144,,,
151,GRVTY,Thomas,Malin,Sage eSports,Conquest Esports;Mentality Esports;FC Black,7/5/1998,United States,tomGRVTY,,,tomGRVTY,,,11753,,,
152,Mosh,Tanner,Clark,Mazer Gaming,InControl Gaming;Regal Morituri;In2ition;FC Black,,United States,i2Mosh,,,mosh704,,,5026,,,
153,Tisch,Paul,Tischler,Aspire eSports,Conquest Esports;Mentality Esports;FC Black,12/23/1997,United States,Tisch47,,,tisch,,,5424,,,
154,Parzelion,Saul,Masse-Siguenza,Mazer Gaming,EZG eSports;EZG Blue;Revenge;Midnight Esports;UYU,10/24/1998,United States,Parzelion,saulparzelion,,parzelion,,,5445,,,
155,Demise,Devin,Faircloth,Fury Gaming,Mentality Esports;Revenge,,United States,DevinDemise,,,devindemise,,,1288,,,
156,JetLi,Eric,Phan,Mazer Gaming,Vertacon;Revenge;Midnight Esports;Excelerate Gaming;Enigma6 Group,3/30/1999,United States,EricJetLii,,,ericjetli,,,6677,,,
157,Brack,Carson,Newberry,Luminosity Gaming,Vertacon;Revenge;Midnight Esports;Excelerate Gaming;Denial Esports;Units,5/26/1999,United States,BrackCN,BrackCN,,brackcn,https://www.youtube.com/channel/UCiz9Zo1LoF8-2V4lfiUb4Qw,,22418,,,
158,Skilliosis,Erik,Martin,Revenge,,,United States,skilliosis_ef,,,skilliosiss,,,2987,,,
159,Keza,Kian,Bonsor,Team Singularity,Team Divine,5/10/2000,England,KezaKB,,,kezabonsor,,,1865,,,
160,General,Jordan,General,Enigma6 Group,,10/1/1998,United States,JordonGeneral,GeneralJordon,JordonGeneral,JordonGeneral,https://www.youtube.com/jordongeneral,,47999,,,
161,Kade,Kade,Jones,Enigma6 Group,Morituri eSports;Team WaR,,United States,Kade416,,,nkade,https://www.youtube.com/user/Kaderaide,,7858,,,
162,Diabolic,Steven,Rivero,Enigma6 Group,,5/7/1995,United States,StevenDiabolic,,,,https://www.youtube.com/user/StevenDiabolic,,32814,,,
163,Zepa,Mark,Zepackic,Tainted Minds,Taboo,2/9/1999,Australia,Zepa_COD,markzepa,Zepa99,Zepa,https://www.youtube.com/channel/UC5SoG06F90eoPM9yWtABe7w?,,4487,,,
164,Chain,Sam,Dineley,Celtic FC Esports,Team Vitality;Fact Revolution,12/6/1998,Northern Ireland,EmigrantChain,,,Chain,,,4671,,,
165,Defrag,Adam,Mathews,Team WaR,GGEA Purple;Zone;Fact Revolution,4/7/1999,England,Defraaag,,,Defraaag,,,3305,,,
166,Maple,Jack,McCartney,Fact Revolution,Team Vitality,3/29/1999,England,gothmaple,jackhmc,,,,,2375,,,
167,SunnyB,Gurdip,Bains,Fact Revolution,,3/2/1996,England,SunnyBCoD,sunnyb_296,,,,,6851,,,
168,TojoR,Antonio,Jordà,Vodafone Giants,,6/2/1994,Spain,TojoR18,Tojor18,,tojor,,,39616,,,
169,YaKo,Iván,Rodríguez,TrainHard Esport,Vodafone Giants,2/2/1999,Spain,MrYaKoSmG,Ivanrodriguez99_,,theyako_,,,6402,,,
170,envdiaN,Ángel,Miranda,Vodafone Giants,,10/8/1997,Spain,envdiaN,,,envdiaN,,,8224,,,
171,Pepo,José,Morte,Vodafone Giants,,7/30/1999,Spain,Pxpo7,,,pxpo7,,,1335,,,
172,InveN,Alejandro,Martin,Vodafone Giants,,10/1/1992,Spain,InvenCrazyMan,invencrazyman,,,,,8258,,,
173,LlamaGod,Devin,Tran,Midnight Esports,Ghost Gaming;EZG Blue;Gone Gaming,6/17/1997,United States,LlamaGod,,,Llama2God,,,21613,,,
174,Wailers,Wailers,Locart,Elevate,Team Vitality;Les Blues;Team Prismatic;Overtime eSport;Denial Esports,11/24/1997,France,Wailers_WL,,,wailerswl,,,31331,,,
175,Zeeked,Ryan,Lapierre,TrainHard Esport,Overtime eSport;Denial Esports,9/18/1998,France,Zeeked,zeeked.off,,zeeked,https://www.youtube.com/channel/UCoWyFyHQxqzWT2XXIno-ctA,,11650,,,
176,rizK,Lucas,Derambure,TrainHard Esport,Overtime eSport;Denial Esports,4/24/2000,France,,,,,,,,,,
177,Breszy,Paul,Breszynski,Enigma6 Group,Monaco eSports;Supremacy;Overtime eSport;Denial Esports;Elevate,1/19/2000,France,Breszy,pbreszy,,Breszy,,,5493,,,
178,Natshay,Nathan,Dupuis,TrainHard Esport,Monaco eSports;Supremacy;Overtime eSport;Denial Esports,9/27/1999,France,nxtshay,,,natshay,,,3701,,,
179,Newbz,Edy,Juan,Carnage Gaming,Mazer Gaming,,United States,TBE_Newbzz,,,newbz,https://www.youtube.com/channel/UCZY_DnDfoS5tSUgE5nIMwqQ,,24793,,,
180,Destiny,Joesph,DeLillo,Carnage Gaming,Mazer Gaming,,United States,JDESTlNY,,,joedestiny,,,1627,,,
181,Wrecks,Dillon,Slotter,Sage eSports,Mazer Gaming,,United States,WrecksDS,,,,,,2841,,,
182,Vicious,Michael,Santos,Carnage Gaming,Mazer Gaming,7/23/1998,United States,Viciousan,,,viciousan,https://www.youtube.com/channel/UCv9xI9H8hfYvvwCtdL0y7dw,,2343,,,
183,Beastn,Jai,Boone,Mindfreak,,,Australia,BeastnT1,,,BeastnT1,,,2052,,,
184,Knight,Aidan,Provenzano,Midnight Esports,GAS Gaming;UYU,,United States,GorgoKnight,xknightcod,,knight,https://www.youtube.com/channel/UCtXaOryGp5SCoFH1LCcgPFA,GorgoKnight,11947,,,
185,Slater,,,Nation of Power,,,,,,,,,,,,,
186,Mizuno,,,Nation of Power,,,,,,,,,,,,,
187,Reign6,,,Nation of Power,,,,,,,,,,,,,
188,RobbieB3319,Robert,Brugnoli,Aspire eSports,EZG eSports;Nation of Power;Excelerate Gaming,12/19/1998,United States,notRobbieB,,,robbiebeamin,,,2793,,,
189,Zinx,Jourdan,Anderson,Nation of Power,,8/30/1998,United States,XYZinx,,,XYZinx,https://www.youtube.com/channel/UCOlbc8SWQTlylHBJgsMdQ1A,,3739,,,
190,PuNi,Alejandro,Navarro,Movistar Riders,,12/14/1997,Spain,PuNi_AT,puni_rv,,PrincePuN1,https://www.youtube.com/channel/UC9f8XbWQ04Zy0eFJm7cBUIQ,,5321,,,
191,Sammy,Samuel,Mateos,Movistar Riders,,11/26/1995,Spain,F7Sammy,f7sammy,,fsammy,,,15103,,,
192,Supraaz,Daniel,Lechuga,Movistar Riders,,7/31/2000,Spain,Supraazz,,,supraazy,,,6335,,,
193,Oney,Daniel,Flóres,Movistar Riders,,9/18/1998,Spain,OneyKnows,danioney,,oneyknows,https://www.youtube.com/channel/UC3fot66SMnfz5-4BZp0IJZg,,24861,,,
194,Katru,Enrique,Lapina,Movistar Riders,,12/2/2000,Spain,,,,Katru_,,,,,,
195,Wartex,Ronaldo,Lavado,Team Heretics,iDomina Esports,7/11/1999,Italy,Waartex,Waartex.tv,,waartex,https://www.youtube.com/channel/UC1M3oYZWY396HKrHDm3LniA,,5440,,,
196,Nastie,Byron,Plumridge,Celtic FC Esports,,7/3/1999,England,Nastiee_,,,Nastie_,,,3662,,,
197,2ReaL,Brendan,Stockdale,Rebel Esports,,5/25/1998,United States,MG2ReaL,,,mg2real,,,1198,,,
198,Glory,Seth,Donksey,Rebel Esports,,5/21/1999,United States,Gloreos,,,sethglory,,,7385,,,
199,Gunsiii,Sebastian,Martinez,Rebel Esports,,6/19/2001,United States,Gunsiii_,sabbyyy87,,gunsiii,https://www.youtube.com/channel/UCwq6k9sGREQFZaa9TtKgSMg,,2576,,,
200,HumanJesus,Jesus,Hernandez,Rebel Esports,,7/9/1996,United States,HumanJesus7,,,HumanJesus,https://www.youtube.com/user/humanjesus713,,1516,,,
201,KlinK,Brett,Kovach,Rebel Esports,,,United States,KlinKypoo,,,KlinKypoo,https://www.youtube.com/channel/UCSYEtzwdIdZUIkPlwWiwitQ?view_as=subscriber,,1238,,,
202,BBConor,Conor,Beale,Fuego Gaming,,12/24/1999,England,BBConor_,,,bbconor,,,1161,,,
203,Chaaxter,Callum,Glamville,Fuego Gaming,,12/26/1999,England,Chaaxter,,,Chaaxter,,,1479,,,
204,Harry,Harry,Payne,Fuego Gaming,,8/20/2000,England,HWPayne7,,,,,,1603,,,
205,Cookie,Sebastian,Schubert,Animosity eSports,,10/30/1996,Germany,,,,,,,,,,
206,Pazy,Enrique,Lange,Animosity eSports,,,Germany,PazyCOD,,,pazycodv2,,,2447,,,
207,Phantom,Maik,Schmitz,Animosity eSports,,2/13/1997,Germany,PhantomCFC,maikeh7,,PhantomCFC,,,3406,,,
208,Piero,Piero,Fazio,Animosity eSports,,4/27/1998,Germany,PieroCOD,piero.cod,,PieroCoD,,,3836,,,
209,Sharko,Tom,Serdarusic,Animosity eSports,Black Forest Games,10/28/1998,Germany,SharkoFPS,tommyahr,,sharkofps_,https://www.youtube.com/c/SharkoFPS/featured,,3092,,,
210,EFatal,Ethan,Davis,LGND Status,,,United States,EFatal_,,,ethan_fatal,,,760,,,
211,Foncho,Carlos,Maradiaga,LGND Status,,,United States,,,,,,,,,,
212,Phenom,Phil,Contini,LGND Status,,,United States,Phenomm__,,,phenomm__,,,511,,,
213,Pure,Devon,Mills,LGND Status,,,United States,Puresamaa,,,,,,1105,,,
214,Ryza,Tyler,Smith,LGND Status,,,United States,TylerRyza,,,TylerRyza,https://www.youtube.com/c/RyzaTyler,,1548,,,
215,Mock,Dylan,Mock,Sage eSports,Vast eSports;Team WaR,7/22/1998,United States,MockDS,,,mockdm,,Cells,2796,,,
216,detain,Jed,Mulcahy,Team Singularity,,6/10/2000,England,JeDetain,,,,,,3567,,,
217,Deelo,Dylan,Lowry,Vanity,,,United States,DDeeIo,,,xdeelo,,,971,,,
218,Landxn,Landon,Hensarling,Vanity,,,United States,Landxnn_,,,,,,942,,,
219,Reaper,Vincent,LiCausi,Vanity,,,United States,VinnyReaper,,,VinnyReaper,,,1034,,,
220,Willett,Phillip,Willett,Vanity,,,United States,Willett__,,,willett,,,2454,,,
221,Linney,Byron,Linney,Sicario Gaming,,1/10/2000,England,ByronLinney_,,,blinney,,,1951,,,
222,DraMa,Anthony,Padilla,Fury Gaming,Vertacon,2/14/1997,United States,DraMa424,,,Sub2DraMa,https://www.youtube.com/channel/UC7kbpYLgyz1WToMlF-afDig/featured,,10996,,,
223,Hamza,Hamza,Shaikh,Fury Gaming,Team BlackOut,2/4/1998,United States,HamzaFrosty,,,HamzaFrosty,,GloFrosty,6385,,,
224,Charullz,Chase,Brown,Carnage Gaming,,,United States,Charullz,,,Charullz,,,1320,,,
225,Pentagrxm,Nathaniel,Thomas,Carnage Gaming,,3/8/2000,United States,pentagrxm,nathanpent,,Pentagrxm,,,4370,,,
226,Turnup2ez,Joseph,Sicre,Aspire eSports,,10/14/2000,United States,Turnup2ez,,,Turnup2ez,https://www.youtube.com/channel/UCUwA20R5GGrifT50EmsB45g,,14392,,,
227,Jintroid,Jaylen,Maye,Hybrid Gaming,,11/22/2000,United States,Jintroid,,,Jintroid_,,,2723,,,
228,Stamino,Steven,Damiano,Hybrid Gaming,SiNister;GGEA Blue;In2ition,,United States,Stamino_,,,stamino,,,3583,,,
229,Nathan,Nathan,Orto,Epsilon Esports,,2/11/1999,England,,,,,,,,,,
230,StuDyy,Jeremy,Astacio,compLexity Gaming,Ground Zero,5/20/1995,United States,JeremyStuD,JeremyStuD,,studyy,https://www.youtube.com/user/StuDyyYT,,178631,,,
231,Riskin,Clément,Hattée,Team Vitality,,8/18/1995,France,rsknxzu,rsknxzu,,Riskin,https://www.youtube.com/riskinhd,,87050,,,
232,Nameless,Anthony,Wheeler,Evil Geniuses,,4/3/1994,United States,NAMELESS,namezeus,Mr_NameLeSs,nameless,https://www.youtube.com/user/OGNameLeSs,,294999,,,
233,Bevils,Embry,Bevil,eRa Eternity,Enigma6 Group;DooM,10/16/1996,United States,Bevils,,BevilsCoD,Bevils,,,11154,,,
234,Censor,Doug,Martin,compLexity Gaming,Next Threat;Enigma6 Group;Lightning Pandas,8/21/1994,United States,Censor,Censor,,censor,https://www.youtube.com/censor,,1271683,,,
235,Johnny,John,Cookson,WrangleR Gaming,SiNister;GGEA Blue,,United States,JohnnyisTsunami,,Johnny703,JohnnyisTsunami,,,16348,,,
236,Gunshy,Tomas,Jones,Millenium,,,England,Gunsh_TJ,,,gunshi,,,17923,,,
237,MarkyB,Mark,Bryceland,Team Vitality,Millenium;GGEA Purple,12/1/1994,Scotland,MarkyB,Markybcod,MarkyBCoD,markyb,https://www.youtube.com/user/MarkyBNoobSlayin,,44599,,,
238,Urban,David,Marsh,GGEA Purple,Millenium,6/29/1997,England,UrbanDM,,,,,,7228,,,
239,Dimi,Robert,Johnson,Rockets Esports,,,United States,Dimi_818,,,dimi818,,,2556,,,
240,Nelson,Brandon,McKinney,WrangleR Gaming,Rockets Esports;Regal Morituri,,United States,BNellyNelson,,,BNellyNelson,,,23901,,,
241,TcM,Teegan,McCarthy,InControl Gaming,Rockets Esports,6/22/1998,United States,TcM603,,,TcM603,https://www.youtube.com/channel/UCGLye-dGp8-dUOODbha10JA,,10460,,,
242,Twizz,Eric,Servello,InControl Gaming,Rockets Esports,12/16/1993,United States,Twizz,,,TwiZzini,,,42551,,,
243,SupremeAgility,,,InControl Gaming,GGEA Blue,,United States,,,,supremeagility,,,,,,
244,Blfire,Mikhail,Glushenok,GAS Gaming,InControl Gaming;Elevate,1/24/1995,Ukraine,Blfire,,,blfire,https://www.youtube.com/user/blfireful,,43209,,,
245,Legal,Tyree,Glover,InControl Gaming,,8/4/1996,United States,TyreeLegal,,,TyreeLegal,,,29186,,,
246,Atura,Ricky,Lugo,EZG eSports,,1/8/1997,United States,RickyAtura,rickyatura,,,https://www.youtube.com/user/itsatura,,9177,,,
247,JHaZe,John,Otero,Team BlackOut,EZG eSports,,United States,,,,,,,,,,
248,Stump,Mathias,Stumpf,EZG eSports,,,Canada,,,,,,,,,,
249,ATL4S,Jean-Baptiste,Duzert,Supremacy,Monaco eSports,8/22/1997,France,ATLA4S,jbdzt,,AtlaasCOD,,,1902,,,
250,Gabi,Gabriel,Zazoniuk,Black Forest Games,Monaco eSports,10/8/1998,Poland,GabrielZznk,GabrielZznk,,zgabi8,,,1062,,,
251,Holler,Evan,Howard,Morituri eSports,,10/17/1996,Canada,,,,,,,,,,
252,Sender,Troy,Michaels,Enigma6 Group,,10/6/1995,United States,Sender,senderxz,,sender,https://www.youtube.com/user/MLGSender,,65484,,,
253,Swarley,Michael,Carter,Vast eSports,,7/22/1995,Canada,Swarley,,,mikeswarley,https://www.youtube.com/user/SwarleyTheKing,,8392,,,
254,evas1on,Jimmy,Svetich,Gone Gaming,Vast eSports;EZG Blue,8/16/1998,United States,evas1on,,,evas1on,,,1370,,,
255,peLukaa,Francisco,Javier Rubio,Movistar Riders,,5/6/1993,Spain,peLukAAT1,franrplk,,pelukaa,,,16357,,,
256,sTyLeXx,Alberto,Mudarra,Movistar Riders,,5/1/1993,Spain,sTyLeXx7,alberto_mudarra,,stylexx7,https://www.youtube.com/user/sTyLeXx7,,12177,,,
257,Mochila,Steve,Canle,WrangleR Gaming,Elevate,3/29/1994,United States,Mochila,,,Mochila,,,87630,,,
258,Pemby,Sean,Pembroke,In2ition,Regal Morituri,,United States,i2Pemby,,,,,,3879,,,
259,Krevz,Diogo,Moritz,Virtue Gaming,,9/15/1997,Brazil,TheKrevz,thekrevz,,krevzfps,https://www.youtube.com/channel/UC8TXdC2FfckqHRHgGfxRZEA,,4074,,,
260,Tino,Leonardo,Martino,Virtue Gaming,,,Brazil,,,,,,,,,,
261,EliTz,Gabriel,Batista,Virtue Gaming,,,Brazil,EliTzFPS,elitzfps,,elitzfps,https://www.youtube.com/channel/UCU_ZdZetntyPgbK5mlWIdbQ,,4611,,,
262,LuKinas,Lucas,Colasso,Virtue Gaming,,,Brazil,LuKinas__,lukinas__,,lukinas,https://www.youtube.com/lukinas,,6426,,,
263,Hitmxn,Andrew,Rostran,Vertacon,,,United States,Hitmxn_,,,Hitmxn_,,,4488,,,
264,Hate,Nick,O'Connor,Mentality Esports,,9/2/1996,United States,NickHatee,,,NickHate,https://www.youtube.com/user/Theoneyahate,,3642,,,
265,Envader,Derrick,Borgdon,Team BlackOut,,,United States,Envader_,,,Envader,,,2177,,,
266,Neod,Matthew,Powers,Team BlackOut,,7/1/1999,United States,Neod__,,,Neod_,,,1025,,,
267,Revolt,Michael,Eaton,Black Forest Games,,10/30/1997,England,MikeRevoIt,mikerevoltt,,mikerevolt,https://www.youtube.com/channel/UCPaJyILpz9KWxlA43JkNkQw,,8134,,,
268,Verdict,Frank,O'Sullivan,Black Forest Games,,,England,Verdictionary,,,,,,2250,,,
269,Riviction,Caton,Dell,WrangleR Gaming,,,United States,Riviction_,,,Riviction,,,2598,,,
270,Genesis,James,Smith,Team Prismatic,,2/8/1999,England,Genesis_,,,rgenesis,https://www.youtube.com/channel/UCZwrg7_sCoMTCFgFUS_Ncfg,,1079,,,
271,Iviano,Jean,Molina,Team Prismatic,,5/24/2000,England,IvianoJC,,,iviano,,,928,,,
272,SteLios,Stelios,Vardalis,Team Prismatic,,4/11/1999,Germany,StelioSnD,stxlio_98,,,,,8342,,,
273,Disarray,Ewen,Harmer,The Imperial,,,England,lDisarray,,,EwenDisarray,https://www.youtube.com/channel/UCTzkbyzLoLLFd2smd5Cmg8Q,,1001,,,
274,Eazy,Tommy,Besse,Supremacy,,11/20/1997,France,BTommy_,,,eazytb,,,2589,,,
275,Macka,James,Mckenzie,Taboo,,,Australia,,,,,,,,,,
276,Lgend,Carlos,Pereiras,Vodafone Giants,,6/20/1994,Spain,Lgend1,carlosper1_,,lgendary,,,29095,,,
277,Remy,Remington,Ihringer,HavoK eSports,,,United States,RemRossTheBoss,,,remy,,,32629,,,
278,Blade,Nicolò,Maggi,iDomina Esports,,6/7/2000,Italy,BBladeVII,bbladewz,,bblade,https://www.youtube.com/channel/UCKPOy9Cfu_ZLzNp9o34R8mA,,2452,,,
279,Predax,Nicholas,Sestito,iDomina Esports,,8/31/1999,Italy,NPredax,predaxd,,Predax,https://www.youtube.com/channel/UCT3T3gmNKL2Ps-UUm0dxVgA,,5226,,,
280,Pacobey,Pasquale,Calabrò,iDomina Esports,,4/20/1999,Italy,Pacobey99,,,pacobeyy,,,596,,,
281,TonyJs,Cédric,Ruault,Team Prismatic,Les Blues,,France,,,,tonyjs99,,,,,,
282,Bacabec,Nathan,Munro-Ireland,Synergy Esports Club,,,New Zealand,Bacabec,,,bacabecnz,,,1951,,,
283,Cruze,Rory,Hunn,Synergy Esports Club,,10/28/1999,New Zealand,CruzeeyCOD,,,cruze,https://www.youtube.com/c/cruzeeycod,,2625,,,
284,Killerpie,Ryan,Wallath,Synergy Esports Club,,,New Zealand,Killerpie_,,,,,,1429,,,
285,Tyson,Tyson,Grech,Synergy Esports Club,,1/15/1999,New Zealand,Tysxnn_,,,tysonn,,,1742,,,
